{"status":true,"data":{"minute":{"coins":0.000014199031648918342,"dollars":0.003927026183141346,"yuan":0.025224579724303434,"euros":0.0033051085969187225,"rubles":0.22290151047611376,"bitcoins":8.623071920388109e-7},"hour":{"coins":0.0008519418989351005,"dollars":0.23562157098848072,"yuan":1.5134747834582059,"euros":0.19830651581512335,"rubles":13.374090628566824,"bitcoins":0.00005173843152232865},"day":{"coins":0.02044660557444241,"dollars":5.654917703723537,"yuan":36.323394802996944,"euros":4.75935637956296,"rubles":320.97817508560377,"bitcoins":0.0012417223565358876},"week":{"coins":0.14312623902109686,"dollars":39.58442392606476,"yuan":254.26376362097858,"euros":33.31549465694072,"rubles":2246.847225599226,"bitcoins":0.008692056495751213},"month":{"coins":0.6133981672332723,"dollars":169.64753111170612,"yuan":1089.7018440899083,"euros":142.7806913868888,"rubles":9629.345252568113,"bitcoins":0.03725167069607663}}}