{"status":true,"data":{"h1":851.64,"h3":928.7199999999999,"h6":899.5799999999999,"h12":878.9,"h24":538.15}}