{"status":true,"data":{"hashrate":1015.1999999999999,"balance":0.010693334302085}}